"store_type","sales","total_orders","sales_percentage"
"Local","4201732.46","78429","65.01415999384130325700"
"Mall Kiosk","706188.71","13151","10.92698457478284990400"
"Outlet","508411.37","9214","7.86674031879413106500"
"Super Store","1045395.58","19286","16.17559331585203443600"
"Web Portal","1067.77","43","0.01652179672968133900"
